context	FullLengthPos	difference	pval_difference	qval_difference
5' UTR	15	-1.2664262298255418	0.005306198430275338	0.05516477965242855
polyA	16	-1.407887836571671	0.005805928485299867	0.055303928961669926
polyA	18	-1.79589395677118	0.008260290052684572	0.0672794639073729
polyA	20	-1.8447115126837665	0.002548837842352532	0.04325913482128055
polyA	21	-1.3779503804259399	0.00446839367937404	0.05022535354420124
5' UTR	22	-1.4626336155042718	0.023736452295120846	0.09737143204275851
5' UTR	23	-1.2859509661981008	0.012767859357902532	0.07827812267003094
5' UTR	28	-1.9065915196140086	0.004864298524000004	0.0525718417401539
CDS	55	-1.1016616113904252	0.0023402883739295213	0.04286222247175346
CDS	56	-1.1005442394006717	0.0018963260839032553	0.042320925790804056
CDS	71	-1.326675413938353	0.013382372739832933	0.07827812267003094
CDS	72	-1.0373330699106684	4.592009424633528e-05	0.012903546483220214
CDS	82	-1.178798373039927	0.011167903813191027	0.07659062471536973
CDS	83	-1.0679013541048656	0.0033868133446028023	0.04531878808730417
CDS	91	-1.3724759454775761	0.004712528242902377	0.05193021318649286
3' UTR	2319	-1.5559446937102557	0.0013170763920708087	0.03949275915283329
3' UTR	2320	-1.0154449890366009	0.022317366589774502	0.09582604080974272
3' UTR	2321	-1.6961752035709399	0.01301070314824596	0.07827812267003094
3' UTR	2322	-3.011824530794199	0.00844029593580665	0.06776351879890481
3' UTR	2323	-3.1499771884222856	0.002440553592697706	0.04286222247175346
3' UTR	2325	-3.0290734200524745	0.00132182972086554	0.03949275915283329
3' UTR	2326	-1.9286772862273809	0.025408261623418072	0.09776511953817112
3' UTR	2327	-1.5623458597058244	0.0026652339112374786	0.04325913482128055
3' UTR	2328	-3.0480002546019693	0.0032667704127214846	0.044778657852426205
U12	2335	-3.28662904333171	0.0032594832601832643	0.044778657852426205
U12	2339	-1.0722091158243017	0.0008218006589536493	0.03949275915283329
U12	2340	-1.198818689706327	0.01855344853501683	0.09035902567870611
